,City,Temperature,Humidity,Cloudiness,Wind Speed,Country,Date,Max Temp,Latitude,Longitude
0,rikitea,76.32,98.0,68.0,9.75,PF,1542594851,76.32,-23.12,-134.97
1,port moresby,81.36,90.0,8.0,8.3,PG,1542594633,81.36,-9.47,147.16
2,kushiro,38.25,90.0,88.0,3.6,JP,1542594852,38.25,43.11,144.15
3,forbes,77.76,53.0,0.0,8.97,AU,1542594852,77.76,-33.38,148.01
4,khatanga,-14.68,66.0,32.0,10.31,RU,1542594852,-14.68,71.98,102.47
5,avarua,76.32,100.0,12.0,13.78,CK,1542594853,76.32,-21.21,-159.78
6,kapaa,76.23,85.0,12.0,11.54,US,1542594745,76.23,22.08,-159.32
7,gigmoto,79.83,100.0,92.0,13.44,PH,1542594853,79.83,13.78,124.39
9,vaini,71.64,98.0,48.0,3.49,IN,1542594854,71.64,15.34,74.49
10,nanortalik,33.7,91.0,64.0,17.69,GL,1542594854,33.7,60.14,-45.24
11,busselton,61.38,100.0,88.0,17.47,AU,1542594851,61.38,-33.64,115.35
12,barrow,53.64,54.0,0.0,3.15,AR,1542594747,53.64,-38.31,-60.23
13,kavaratti,83.83,100.0,68.0,12.55,IN,1542594606,83.83,10.57,72.64
14,nome,60.21,94.0,68.0,3.04,US,1542594855,60.21,30.04,-94.42
15,yangambi,73.8,94.0,80.0,3.49,CD,1542594856,73.8,0.77,24.47
16,wukari,81.22,52.0,92.0,4.27,NG,1542594856,81.22,7.87,9.78
18,hermanus,52.2,89.0,12.0,5.61,ZA,1542594857,52.2,-34.42,19.24
20,nikolskoye,34.6,81.0,88.0,7.63,RU,1542594857,34.6,59.7,30.79
21,talnakh,-13.55,82.0,68.0,8.3,RU,1542594858,-13.55,69.49,88.39
23,bluff,85.05,47.0,56.0,11.43,AU,1542594858,85.05,-23.58,149.07
24,guarapari,75.96,96.0,8.0,17.02,BR,1542594570,75.96,-20.67,-40.5
25,ribeira grande,64.93,100.0,68.0,16.24,PT,1542594859,64.93,38.52,-28.7
26,faanui,83.7,97.0,68.0,7.63,PF,1542594859,83.7,-16.48,-151.75
27,east london,67.5,100.0,92.0,24.07,ZA,1542594860,67.5,-33.02,27.91
28,dunedin,42.43,100.0,92.0,13.11,NZ,1542594573,42.43,-45.87,170.5
29,severo-kurilsk,37.8,100.0,56.0,8.08,RU,1542594860,37.8,50.68,156.12
30,harnai,46.53,52.0,0.0,4.38,PK,1542594861,46.53,30.1,67.94
31,daru,69.93,99.0,68.0,6.17,SL,1542594861,69.93,7.99,-10.85
32,porto novo,67.45,100.0,92.0,2.48,BR,1542594861,67.45,-23.68,-45.44
33,bergerac,39.87,64.0,0.0,6.85,FR,1542594862,39.87,44.85,0.49
34,ushuaia,39.42,89.0,64.0,20.04,AR,1542594862,39.42,-54.81,-68.31
35,apiai,65.65,97.0,92.0,2.93,BR,1542594862,65.65,-24.51,-48.84
36,albany,31.72,88.0,80.0,4.38,US,1542594710,31.72,42.65,-73.75
38,ampanihy,62.95,83.0,24.0,3.94,MG,1542594863,62.95,-24.69,44.75
40,lata,43.11,64.0,68.0,2.37,IN,1542594864,43.11,30.78,78.62
42,rawson,57.96,41.0,0.0,7.74,AR,1542594865,57.96,-43.3,-65.11
43,caravelas,78.21,100.0,76.0,13.89,BR,1542594865,78.21,-17.73,-39.27
45,saintes,38.52,84.0,0.0,9.64,FR,1542594866,38.52,45.74,-0.63
46,hithadhoo,82.12,100.0,64.0,10.87,MV,1542594866,82.12,-0.6,73.08
47,castro,52.29,99.0,92.0,11.32,CL,1542594632,52.29,-42.48,-73.76
48,punta arenas,45.63,83.0,32.0,31.23,CL,1542594681,45.63,-53.16,-70.91
49,cape town,60.66,93.0,12.0,14.23,ZA,1542594807,60.66,-33.93,18.42
50,poum,31.14,100.0,80.0,1.92,MK,1542594868,31.14,41.28,20.71
51,hobart,68.76,57.0,0.0,7.52,AU,1542594868,68.76,-42.88,147.33
52,presidente epitacio,69.88,93.0,76.0,13.67,BR,1542594868,69.88,-21.76,-52.12
53,port alfred,66.55,86.0,92.0,20.71,ZA,1542594751,66.55,-33.59,26.89
54,smithville,14.31,77.0,0.0,2.93,US,1542594818,14.31,39.39,-94.58
55,kavieng,75.82,100.0,92.0,7.74,PG,1542594869,75.82,-2.57,150.8
56,geraldton,5.98,79.0,20.0,4.94,CA,1542594870,5.98,49.72,-86.95
57,saint-philippe,15.88,74.0,80.0,8.19,CA,1542594870,15.88,45.36,-73.48
58,mar del plata,62.19,46.0,76.0,23.29,AR,1542594684,62.19,-46.43,-67.52
59,mataura,47.07,96.0,92.0,19.71,NZ,1542594871,47.07,-46.19,168.86
60,flinders,67.95,63.0,36.0,4.94,AU,1542594871,67.95,-34.58,150.85
62,fortuna,51.43,98.0,92.0,4.83,ES,1542594872,51.43,38.18,-1.13
63,port victoria,78.21,50.0,92.0,14.79,AU,1542594872,78.21,-34.5,137.49
65,male,14.62,67.0,48.0,2.93,UA,1542594873,14.62,50.74,33.7
66,broome,45.45,86.0,88.0,14.56,GB,1542594873,45.45,52.47,1.45
67,lebu,37.57,81.0,20.0,2.71,ET,1542594873,37.57,8.96,38.73
68,yellowknife,5.94,97.0,80.0,15.79,CA,1542594874,5.94,62.45,-114.38
69,kulunda,13.32,83.0,64.0,2.82,RU,1542594874,13.32,52.57,78.94
73,jamestown,88.47,20.0,44.0,13.0,AU,1542594876,88.47,-33.21,138.6
74,saint anthony,14.4,70.0,0.0,2.71,US,1542594876,14.4,43.97,-111.68
75,russell,47.34,73.0,0.0,2.93,AR,1542594877,47.34,-33.01,-68.8
76,mgachi,25.42,100.0,48.0,10.2,RU,1542594877,25.42,51.05,142.27
77,saint-leu,73.3,100.0,68.0,5.73,RE,1542594877,73.3,-21.15,55.28
78,arraial do cabo,78.39,79.0,56.0,19.71,BR,1542594878,78.39,-22.97,-42.02
79,cherskiy,-16.93,75.0,48.0,2.59,RU,1542594648,-16.93,68.75,161.3
80,bani,84.6,77.0,12.0,1.59,PH,1542594879,84.6,15.89,120.27
83,severo-yeniseyskiy,1.35,59.0,64.0,4.61,RU,1542594880,1.35,60.37,93.04
84,moron,70.47,94.0,44.0,2.37,VE,1542594880,70.47,10.49,-68.2
85,cascais,56.65,100.0,12.0,5.39,PT,1542594880,56.65,38.7,-9.42
86,kahului,74.7,87.0,80.0,14.23,US,1542594853,74.7,20.89,-156.47
87,borborema,72.72,97.0,92.0,8.63,BR,1542594881,72.72,-21.62,-49.07
88,abu kamal,44.91,88.0,56.0,3.04,SY,1542594881,44.91,34.45,40.92
89,port elizabeth,38.07,83.0,48.0,5.5,US,1542594882,38.07,39.31,-74.98
90,teya,74.61,74.0,0.0,5.84,MX,1542594882,74.61,21.05,-89.07
91,soller,30.55,88.0,24.0,8.97,DE,1542594883,30.55,50.73,6.56
92,boa vista,85.9,54.0,0.0,13.0,BR,1542594884,85.9,2.82,-60.67
94,kodiak,1.89,58.0,0.0,2.93,US,1542594884,1.89,39.95,-94.76
95,yaring,83.97,90.0,32.0,3.49,TH,1542594885,83.97,6.87,101.37
96,hokitika,55.12,89.0,64.0,6.17,NZ,1542594885,55.12,-42.72,170.96
97,shar,81.81,58.0,88.0,4.05,NG,1542594885,81.81,7.3,8.73
98,hilo,75.96,100.0,68.0,15.01,US,1542594886,75.96,19.71,-155.08
99,tiksi,-21.43,31.0,8.0,2.93,RU,1542594886,-21.43,71.64,128.87
100,san luis,65.2,36.0,0.0,11.43,AR,1542594679,65.2,-33.3,-66.34
101,bredasdorp,64.26,89.0,20.0,23.85,ZA,1542594888,64.26,-34.53,20.04
102,muravlenko,-2.35,73.0,36.0,9.08,RU,1542594888,-2.35,63.79,74.5
103,sitka,24.7,71.0,0.0,6.4,US,1542594888,24.7,37.17,-99.65
104,linxia,33.43,36.0,0.0,4.38,CN,1542594889,33.43,35.6,103.21
105,saskylakh,-11.57,56.0,64.0,3.04,RU,1542594889,-11.57,71.97,114.09
106,namibe,73.8,100.0,0.0,3.15,AO,1542594889,73.8,-15.19,12.15
108,ola,25.92,100.0,88.0,25.97,RU,1542594890,25.92,59.58,151.3
109,verkhnyaya inta,6.52,72.0,0.0,2.93,RU,1542594890,6.52,65.99,60.32
110,provideniya,32.94,100.0,92.0,18.37,RU,1542594891,32.94,64.42,-173.23
111,thompson,-15.67,69.0,0.0,4.16,CA,1542594637,-15.67,55.74,-97.86
112,nuuk,14.35,100.0,64.0,2.82,GL,1542594892,14.35,64.17,-51.74
113,henties bay,59.67,100.0,8.0,2.15,NA,1542594892,59.67,-22.12,14.28
114,muros,55.53,100.0,92.0,4.61,ES,1542594893,55.53,42.77,-9.06
115,half moon bay,53.46,100.0,12.0,2.48,US,1542594893,53.46,37.46,-122.43
116,chuy,54.13,87.0,12.0,8.52,UY,1542594893,54.13,-33.69,-53.46
117,airai,81.13,74.0,8.0,2.37,TL,1542594894,81.13,-8.93,125.41
118,benxi,31.9,56.0,24.0,3.94,CN,1542594894,31.9,41.29,123.76
119,margate,68.94,61.0,0.0,10.09,AU,1542594894,68.94,-43.03,147.26
120,kruisfontein,64.57,85.0,92.0,17.13,ZA,1542594895,64.57,-34.0,24.73
121,hailar,6.75,59.0,0.0,5.73,CN,1542594895,6.75,49.2,119.7
122,tuktoyaktuk,10.48,100.0,88.0,20.71,CA,1542594895,10.48,69.44,-133.03
124,panguna,79.87,81.0,88.0,3.83,PG,1542594896,79.87,-6.32,155.48
126,san cristobal,47.92,100.0,88.0,1.25,EC,1542594897,47.92,-0.39,-78.55
127,chokurdakh,-14.9,23.0,24.0,2.93,RU,1542594897,-14.9,70.62,147.9
128,luderitz,56.79,77.0,76.0,12.21,NA,1542594898,56.79,-26.65,15.16
129,malaya vishera,33.03,86.0,56.0,6.62,RU,1542594898,33.03,58.85,32.22
130,ancud,52.56,97.0,92.0,10.98,CL,1542594898,52.56,-41.87,-73.83
131,isangel,75.42,100.0,0.0,7.96,VU,1542594899,75.42,-19.55,169.27
132,dera ghazi khan,62.73,86.0,0.0,11.1,PK,1542594899,62.73,30.03,70.64
133,saint-pierre,28.48,62.0,0.0,11.21,FR,1542594900,28.48,48.95,4.24
134,christchurch,49.77,100.0,68.0,9.08,NZ,1542594900,49.77,-43.53,172.64
135,matagalpa,70.56,87.0,88.0,3.49,NI,1542594901,70.56,12.92,-85.92
136,kibaek,38.38,91.0,80.0,10.98,DK,1542594901,38.38,56.03,8.86
137,rio gallegos,53.01,64.0,92.0,20.83,AR,1542594901,53.01,-51.62,-69.22
139,seoul,47.7,74.0,20.0,3.38,KR,1542594694,47.7,37.57,126.98
140,tombouctou,76.59,28.0,80.0,10.98,ML,1542594902,76.59,16.77,-3.01
141,talcahuano,58.23,98.0,0.0,19.6,CL,1542594902,58.23,-36.72,-73.12
142,qaanaaq,-8.29,100.0,0.0,4.94,GL,1542594903,-8.29,77.48,-69.36
143,saldanha,47.02,90.0,88.0,7.63,PT,1542594903,47.02,41.42,-6.55
144,weihe,38.34,70.0,48.0,1.92,CN,1542594903,38.34,32.99,105.33
145,benjamin constant,77.04,97.0,36.0,0.81,BR,1542594904,77.04,-4.38,-70.03
148,puri,83.7,87.0,12.0,3.38,ID,1542594905,83.7,-7.54,112.45
149,san jose,83.7,71.0,0.0,2.93,PH,1542594618,83.7,15.79,120.99
150,lompoc,54.27,100.0,24.0,4.5,US,1542594708,54.27,34.64,-120.46
151,bafq,34.87,81.0,0.0,2.82,IR,1542594907,34.87,31.6,55.4
152,saint george,39.6,100.0,80.0,3.15,GR,1542594874,39.6,39.45,22.34
153,de-kastri,23.53,100.0,0.0,13.0,RU,1542594908,23.53,51.48,140.77
154,huicungo,73.48,97.0,24.0,1.92,PE,1542594908,73.48,-7.28,-76.8
155,codrington,71.68,68.0,44.0,4.94,AU,1542594908,71.68,-28.95,153.24
156,port said,46.53,74.0,0.0,4.38,EG,1542594909,46.53,25.34,30.55
157,new norfolk,68.53,57.0,0.0,8.97,AU,1542594830,68.53,-42.78,147.06
158,palaia fokaia,66.15,90.0,32.0,23.85,GR,1542594909,66.15,37.72,23.95
159,sioux lookout,4.05,95.0,0.0,5.95,CA,1542594910,4.05,50.1,-91.92
160,zhigansk,-20.03,29.0,48.0,3.27,RU,1542594910,-20.03,66.77,123.37
161,byron bay,71.01,100.0,48.0,8.63,AU,1542594910,71.01,-28.65,153.62
162,tekeli,16.02,80.0,44.0,1.14,KZ,1542594911,16.02,44.86,78.76
163,laguna,64.17,55.0,88.0,2.82,MX,1542594911,64.17,27.52,-110.01
164,okhotsk,13.45,100.0,80.0,8.19,RU,1542594912,13.45,59.36,143.24
165,bambous virieux,76.18,83.0,80.0,10.31,MU,1542594912,76.18,-20.34,57.76
166,canutama,78.7,93.0,8.0,2.15,BR,1542594912,78.7,-6.53,-64.38
167,tighina,32.76,97.0,92.0,13.0,RO,1542594913,32.76,44.57,24.3
168,nova olimpia,75.06,89.0,20.0,8.52,BR,1542594792,75.06,-14.8,-57.29
169,nivala,18.22,78.0,0.0,2.48,FI,1542594913,18.22,63.93,24.96
170,tura,68.04,80.0,0.0,3.6,IN,1542594913,68.04,25.52,90.21
171,atuona,81.22,100.0,8.0,16.24,PF,1542594914,81.22,-9.8,-139.03
172,sarti,53.55,100.0,36.0,6.85,GR,1542594914,53.55,40.1,23.98
173,luena,62.46,95.0,64.0,5.06,AO,1542594914,62.46,-11.78,19.91
174,popondetta,78.52,68.0,48.0,1.59,PG,1542594915,78.52,-8.77,148.24
175,charters towers,83.52,62.0,44.0,12.44,AU,1542594915,83.52,-20.07,146.27
176,fort nelson,7.02,82.0,64.0,2.37,CA,1542594916,7.02,58.81,-122.69
177,storslett,14.76,90.0,0.0,1.92,NO,1542594916,14.76,69.77,21.03
178,victoria,83.43,100.0,0.0,4.5,BN,1542594702,83.43,5.28,115.24
179,butaritari,84.82,100.0,44.0,8.41,KI,1542594917,84.82,3.07,172.79
180,naze,73.35,96.0,24.0,5.06,NG,1542594917,73.35,5.43,7.07
181,bang saphan,82.57,92.0,8.0,2.59,TH,1542594918,82.57,11.21,99.51
182,dikson,22.59,98.0,88.0,22.73,RU,1542594918,22.59,73.51,80.55
183,pestovo,31.5,98.0,88.0,7.63,RU,1542594919,31.5,55.36,37.98
184,ous,24.03,82.0,88.0,6.96,RU,1542594919,24.03,60.91,61.52
185,ilulissat,0.4,100.0,0.0,3.94,GL,1542594919,0.4,69.22,-51.1
186,mackay,35.73,97.0,88.0,4.5,CA,1542594920,35.73,53.65,-115.58
187,quelimane,75.82,90.0,76.0,3.49,MZ,1542594920,75.82,-17.88,36.89
189,marienburg,36.18,95.0,20.0,10.98,DE,1542594920,36.18,52.12,9.98
190,kuryk,34.56,100.0,0.0,9.42,KZ,1542594921,34.56,43.18,51.68
191,pathein,84.42,79.0,0.0,5.39,MM,1542594921,84.42,16.78,94.73
192,sao joao da barra,77.8,96.0,44.0,27.42,BR,1542594922,77.8,-21.64,-41.05
193,cuautepec,68.98,100.0,8.0,2.37,MX,1542594922,68.98,16.75,-99.0
194,carupano,81.27,87.0,92.0,11.77,VE,1542594923,81.27,10.67,-63.26
195,georgetown,78.84,86.0,88.0,5.39,GY,1542594924,78.84,6.8,-58.16
196,zhezkazgan,14.17,88.0,44.0,9.75,KZ,1542594924,14.17,47.8,67.71
197,souillac,38.52,84.0,0.0,9.64,FR,1542594925,38.52,45.6,-0.6
199,newport,40.86,85.0,12.0,15.01,GB,1542594796,40.86,51.59,-3.0
200,duldurga,3.28,50.0,0.0,7.18,RU,1542594926,3.28,50.67,113.59
201,pangnirtung,7.65,90.0,56.0,4.61,CA,1542594926,7.65,66.15,-65.72
202,kingsport,34.56,85.0,0.0,2.71,US,1542594864,34.56,36.55,-82.56
203,corowa,78.39,48.0,36.0,13.89,AU,1542594927,78.39,-36.0,146.39
204,okahandja,70.74,46.0,88.0,2.26,NA,1542594928,70.74,-21.98,16.91
205,suleja,73.35,72.0,36.0,3.94,NG,1542594929,73.35,9.18,7.18
206,caracuaro,50.4,78.0,0.0,1.92,MX,1542594930,50.4,19.01,-101.13
207,kysyl-syr,-13.73,63.0,68.0,6.29,RU,1542594930,-13.73,63.9,122.77
208,topolobampo,69.75,67.0,76.0,9.53,MX,1542594930,69.75,25.6,-109.05
209,atbasar,15.88,78.0,44.0,8.86,KZ,1542594931,15.88,51.81,68.36
210,bonfim,65.79,97.0,68.0,3.83,BR,1542594931,65.79,-20.33,-44.24
211,saulkrasti,30.24,91.0,0.0,10.98,LV,1542594932,30.24,57.26,24.42
212,yerbogachen,-9.32,66.0,48.0,6.17,RU,1542594932,-9.32,61.28,108.01
213,inhambane,73.98,98.0,24.0,13.0,MZ,1542594933,73.98,-23.87,35.38
214,ponta do sol,68.67,95.0,88.0,4.94,BR,1542594933,68.67,-20.63,-46.0
215,leningradskiy,15.52,100.0,68.0,14.45,RU,1542594934,15.52,69.38,178.42
216,bumba,71.05,94.0,20.0,2.59,CD,1542594934,71.05,2.18,22.47
217,great yarmouth,48.37,100.0,48.0,22.62,GB,1542594935,48.37,52.61,1.73
218,kushima,55.48,100.0,92.0,5.17,JP,1542594935,55.48,31.5,131.29
219,jiangyou,43.38,94.0,92.0,4.05,CN,1542594936,43.38,31.78,104.73
220,sorland,46.8,100.0,0.0,23.29,NO,1542594937,46.8,67.67,12.69
221,shilka,3.24,43.0,0.0,5.28,RU,1542594938,3.24,51.85,116.03
223,iqaluit,8.37,100.0,36.0,8.97,CA,1542594939,8.37,63.75,-68.52
224,carnarvon,49.5,45.0,8.0,4.16,ZA,1542594939,49.5,-30.97,22.13
225,bilibino,-23.86,0.0,44.0,2.37,RU,1542594940,-23.86,68.06,166.44
226,la macarena,73.93,93.0,24.0,2.26,CO,1542594940,73.93,2.18,-73.79
227,shebunino,32.67,97.0,68.0,12.88,RU,1542594941,32.67,57.66,40.04
228,rudnya,3.51,46.0,0.0,2.93,RU,1542594942,3.51,50.8,44.56
229,povenets,25.83,94.0,32.0,6.17,RU,1542594942,25.83,62.85,34.83
230,shache,24.88,63.0,0.0,2.82,CN,1542594943,24.88,38.42,77.24
231,kuching,81,100.0,44.0,3.27,MY,1542594943,81.0,1.56,110.34
232,arlit,56.97,38.0,0.0,3.38,NE,1542594943,56.97,18.74,7.39
233,merauke,90.85,62.0,64.0,7.74,ID,1542594944,90.85,-8.49,140.4
234,usinsk,4.59,79.0,8.0,5.95,RU,1542594944,4.59,66.0,57.56
235,tasiilaq,33.3,97.0,56.0,17.81,GL,1542594945,33.3,65.61,-37.64
236,yagodnoye,-10.72,65.0,24.0,2.37,RU,1542594945,-10.72,62.52,149.63
237,touros,78.03,91.0,36.0,14.34,BR,1542594652,78.03,-5.2,-35.46
238,pevek,1.62,100.0,64.0,4.16,RU,1542594946,1.62,69.7,170.27
239,terrace,34.74,98.0,88.0,1.59,CA,1542594946,34.74,54.52,-128.61
240,bethel,34.78,92.0,88.0,8.41,US,1542594947,34.78,60.79,-161.76
241,vestmannaeyjar,47.16,95.0,88.0,22.95,IS,1542594948,47.16,63.44,-20.27
242,salmon arm,20.97,100.0,0.0,1.59,CA,1542594948,20.97,50.7,-119.29
243,ketchikan,45.81,100.0,92.0,5.28,US,1542594949,45.81,55.34,-131.65
244,norman wells,-0.23,84.0,76.0,3.71,CA,1542594949,-0.23,65.28,-126.83
245,kirakira,80.68,100.0,64.0,15.46,SB,1542594950,80.68,-10.46,161.92
246,ginir,46.03,75.0,0.0,1.59,ET,1542594950,46.03,7.14,40.71
247,hachinohe,46.98,91.0,80.0,3.71,JP,1542594951,46.98,40.47,141.48
248,sobolevo,33.57,95.0,88.0,9.98,RU,1542594951,33.57,54.43,31.9
249,natchez,49.63,81.0,44.0,4.72,US,1542594899,49.63,31.56,-91.4
250,agirish,20.88,84.0,76.0,6.4,RU,1542594952,20.88,61.92,63.02
251,gao,69.75,42.0,64.0,4.83,ML,1542594953,69.75,16.28,-0.04
252,altamira,80.91,79.0,64.0,2.37,BR,1542594953,80.91,-3.2,-52.21
253,alofi,81.18,98.0,0.0,8.75,NU,1542594955,81.18,-19.06,-169.92
254,teguldet,-9.37,68.0,56.0,5.61,RU,1542594955,-9.37,57.31,88.17
256,vao,37.8,74.0,88.0,8.97,EE,1542594956,37.8,59.1,26.19
257,cidreira,60.52,84.0,0.0,10.65,BR,1542594956,60.52,-30.17,-50.22
258,longyearbyen,35.46,96.0,92.0,13.67,NO,1542594957,35.46,78.22,15.63
259,bathsheba,80.77,100.0,80.0,14.67,BB,1542594958,80.77,13.22,-59.52
260,los llanos de aridane,67.05,100.0,88.0,11.77,ES,1542594793,67.05,28.66,-17.92
261,bonavista,27.58,100.0,0.0,26.08,CA,1542594959,27.58,48.65,-53.11
262,aklavik,-10.63,54.0,0.0,3.83,CA,1542594961,-10.63,68.22,-135.01
263,san borja,72.9,96.0,36.0,2.15,BO,1542594962,72.9,-14.86,-66.75
264,narsaq,18,75.0,76.0,4.72,GL,1542594962,18.0,60.91,-46.05
265,ballina,41.4,96.0,0.0,12.66,IE,1542594963,41.4,54.11,-9.15
266,colares,56.65,100.0,12.0,5.39,PT,1542594720,56.65,38.8,-9.45
267,belfast,45.09,87.0,0.0,11.43,GB,1542594964,45.09,54.6,-5.93
268,aswan,53.23,90.0,0.0,4.94,EG,1542594965,53.23,24.09,32.9
269,rabo de peixe,65.16,100.0,8.0,21.83,PT,1542594965,65.16,37.8,-25.58
270,yendi,73.75,89.0,20.0,6.17,GH,1542594965,73.75,9.45,0.0
271,gumdag,43.33,96.0,92.0,2.71,TM,1542594966,43.33,39.2,54.59
272,curitibanos,60.3,92.0,76.0,3.38,BR,1542594966,60.3,-27.29,-50.58
273,manaure,83.07,93.0,0.0,22.5,CO,1542594966,83.07,11.78,-72.45
275,shimoda,62.91,100.0,100.0,12.88,JP,1542594967,62.91,34.7,138.93
276,rafai,66.15,77.0,0.0,4.61,CF,1542594967,66.15,4.95,23.92
277,baruun-urt,11.16,58.0,68.0,6.4,MN,1542594968,11.16,46.68,113.28
278,el alto,38.16,84.0,68.0,3.04,BO,1542594968,38.16,-16.5,-68.19
279,sokolka,10.3,60.0,24.0,3.38,RU,1542594968,10.3,52.46,43.89
280,cabo san lucas,76.45,100.0,12.0,8.41,MX,1542594864,76.45,22.89,-109.91
281,terrace bay,19.53,100.0,48.0,10.65,CA,1542594802,19.53,48.78,-87.1
282,anicuns,67.77,96.0,80.0,3.15,BR,1542594969,67.77,-16.46,-49.96
283,doha,72.54,89.0,0.0,14.12,QA,1542594969,72.54,25.29,51.53
284,chunoyar,0.72,81.0,64.0,5.5,RU,1542594970,0.72,57.45,97.32
285,hervey bay,76.45,87.0,24.0,11.99,AU,1542594970,76.45,-25.3,152.85
286,winnemucca,18.9,66.0,0.0,2.59,US,1542594971,18.9,40.97,-117.74
287,psebay,23.76,79.0,0.0,2.71,RU,1542594971,23.76,44.12,40.81
289,mala,61.47,96.0,8.0,5.61,PE,1542594972,61.47,-12.66,-76.63
290,singapore,81.54,100.0,76.0,7.29,MY,1542594875,81.54,1.29,103.85
291,villa carlos paz,58.63,41.0,0.0,9.75,AR,1542594972,58.63,-31.42,-64.5
293,faya,45.67,87.0,0.0,3.38,SA,1542594973,45.67,18.39,42.45
295,port hardy,41.13,86.0,0.0,4.61,CA,1542594973,41.13,50.7,-127.42
296,clyde river,-22.78,100.0,0.0,3.15,CA,1542594974,-22.78,70.47,-68.59
298,burla,16.83,87.0,88.0,2.59,RU,1542594974,16.83,53.34,78.33
300,ahipara,60.03,83.0,64.0,16.24,NZ,1542594975,60.03,-35.17,173.16
301,pleasanton,43.65,87.0,32.0,2.37,US,1542594975,43.65,37.66,-121.87
302,katherine,88.29,87.0,12.0,4.83,AU,1542594976,88.29,-14.47,132.26
303,havoysund,41.85,89.0,8.0,22.17,NO,1542594976,41.85,71.0,24.66
306,konevo,42.25,100.0,92.0,2.15,BG,1542594977,42.25,41.67,25.61
307,general roca,52.33,57.0,0.0,2.82,AR,1542594977,52.33,-39.03,-67.58
308,baoqing,27.63,69.0,0.0,3.83,CN,1542594977,27.63,46.32,132.2
309,diu,68.62,66.0,0.0,2.93,IN,1542594978,68.62,20.71,70.98
310,guilin,50.13,100.0,92.0,4.38,CN,1542594978,50.13,25.28,110.29
312,baghdad,47.65,89.0,56.0,3.94,IQ,1542594966,47.65,33.3,44.38
313,vagay,19.08,87.0,92.0,9.98,RU,1542594979,19.08,57.94,69.02
314,kyenjojo,58.18,91.0,36.0,2.82,UG,1542594980,58.18,0.61,30.64
315,udachnyy,-24.35,35.0,0.0,4.38,RU,1542594910,-24.35,66.42,112.4
316,zhoucheng,50.67,91.0,12.0,3.49,CN,1542594980,50.67,31.35,119.33
318,bouna,70.65,91.0,44.0,4.61,CI,1542594981,70.65,9.27,-3.0
319,tooele,26.46,100.0,0.0,2.15,US,1542594846,26.46,40.53,-112.3
320,quang ngai,73.44,98.0,92.0,2.37,VN,1542594981,73.44,15.12,108.8
321,fairlie,38.16,75.0,44.0,7.63,US,1542594982,38.16,33.31,-95.96
322,rorvik,30.82,100.0,0.0,5.28,NO,1542594982,30.82,64.86,11.24
323,tolaga bay,59.58,74.0,44.0,5.73,NZ,1542594983,59.58,-38.37,178.3
324,esperance,80.23,82.0,68.0,5.17,TT,1542594983,80.23,10.24,-61.45
325,waitati,42.43,100.0,92.0,13.11,NZ,1542594983,42.43,-45.75,170.57
326,magomeni,74.65,92.0,76.0,3.71,TZ,1542594984,74.65,-6.8,39.25
329,reutte,23.67,89.0,88.0,1.92,AT,1542594984,23.67,47.49,10.72
331,placido de castro,75.82,97.0,24.0,2.15,BR,1542594985,75.82,-10.34,-67.19
332,olinda,72.72,100.0,92.0,5.61,EC,1542594985,72.72,-2.03,-79.75
333,kaitangata,48.33,83.0,92.0,18.59,NZ,1542594986,48.33,-46.28,169.85
334,areosa,55.57,100.0,80.0,3.15,PT,1542594986,55.57,41.72,-8.86
335,la plaine,21.1,73.0,56.0,1.59,FR,1542594987,21.1,45.17,5.76
336,champerico,67.77,85.0,0.0,2.93,MX,1542594987,67.77,16.38,-93.6
337,moose factory,0.63,84.0,0.0,9.31,CA,1542594987,0.63,51.26,-80.61
338,kudahuvadhoo,82.08,100.0,44.0,3.83,MV,1542594988,82.08,2.67,72.89
339,tuatapere,45.63,100.0,92.0,20.27,NZ,1542594988,45.63,-46.13,167.69
341,pimentel,76.27,88.0,0.0,5.39,BR,1542594989,76.27,-3.7,-45.5
342,puerto baquerizo moreno,72.81,98.0,44.0,13.67,EC,1542594989,72.81,-0.9,-89.6
343,ankang,39.82,75.0,76.0,2.48,CN,1542594989,39.82,32.73,108.99
344,pacific grove,50.98,97.0,32.0,1.14,US,1542594844,50.98,36.62,-121.92
345,quzhou,55.89,87.0,76.0,5.17,CN,1542594990,55.89,28.97,118.86
346,port lincoln,82.3,48.0,80.0,6.17,AU,1542594990,82.3,-34.72,135.86
347,brandfort,63.67,42.0,64.0,12.21,ZA,1542594990,63.67,-28.7,26.46
348,montlucon,31,95.0,76.0,3.94,FR,1542594991,31.0,46.33,2.6
349,pisco,60.43,94.0,8.0,3.27,PE,1542594991,60.43,-13.71,-76.2
350,guerrero negro,58.95,94.0,8.0,6.4,MX,1542594991,58.95,27.97,-114.04
351,santa fe,59.58,59.0,0.0,6.17,AR,1542594841,59.58,-31.62,-60.7
352,kununurra,92.07,69.0,0.0,6.4,AU,1542594992,92.07,-15.77,128.74
354,vuktyl,17.05,75.0,76.0,2.71,RU,1542594993,17.05,63.86,57.31
355,auki,65.52,57.0,0.0,4.16,NG,1542594993,65.52,12.18,6.51
356,dwarka,65.52,74.0,12.0,9.75,IN,1542594993,65.52,28.58,77.04
358,east wenatchee bench,21.1,79.0,0.0,2.59,US,1542594994,21.1,47.43,-120.28
359,varhaug,41.8,100.0,0.0,1.92,NO,1542594994,41.8,58.61,5.65
360,port blair,82.48,100.0,0.0,4.16,IN,1542594995,82.48,11.67,92.75
361,belmonte,48.69,98.0,92.0,6.17,PT,1542594995,48.69,40.36,-7.35
362,port-cartier,21.6,100.0,8.0,12.66,CA,1542594995,21.6,50.03,-66.88
363,nyuksenitsa,26.32,85.0,88.0,13.78,RU,1542594996,26.32,60.41,44.24
364,solok,78.88,86.0,44.0,0.13,ID,1542594996,78.88,-0.79,100.66
365,noumea,73.57,76.0,56.0,8.75,NC,1542594722,73.57,-22.28,166.46
366,hazorasp,30.6,85.0,88.0,2.93,UZ,1542594997,30.6,41.32,61.08
367,imeni babushkina,27,85.0,88.0,13.56,RU,1542594997,27.0,59.76,43.13
368,galicea mare,32.53,98.0,92.0,6.96,RO,1542594997,32.53,44.1,23.31
369,okha,27.63,96.0,24.0,18.92,RU,1542594998,27.63,53.59,142.95
370,bud,40.14,100.0,80.0,2.82,NO,1542594998,40.14,62.91,6.91
371,jaciara,76.14,87.0,8.0,2.82,BR,1542594998,76.14,-15.95,-54.98
372,jalingo,67.23,57.0,8.0,4.16,NG,1542594999,67.23,10.3,10.93
373,rocha,48.55,82.0,56.0,2.48,UY,1542594999,48.55,-34.48,-54.34
374,pedro juan caballero,65.97,81.0,64.0,4.16,PY,1542594999,65.97,-22.55,-55.74
375,lakes entrance,73.71,60.0,0.0,7.18,AU,1542595000,73.71,-37.88,147.99
376,puerto leguizamo,77.76,92.0,0.0,2.15,CO,1542595000,77.76,-0.19,-74.78
377,svetlaya,30.96,100.0,12.0,6.85,RU,1542595000,30.96,46.54,138.33
378,kollegal,71.91,94.0,92.0,3.38,IN,1542595001,71.91,12.16,77.11
379,nizwa,57.6,62.0,0.0,2.59,OM,1542595001,57.6,22.93,57.53
380,sao filipe,74.47,100.0,24.0,5.95,CV,1542595001,74.47,14.9,-24.5
381,richards bay,64.57,100.0,92.0,2.15,ZA,1542595002,64.57,-28.77,32.06
382,mount isa,88.33,36.0,100.0,4.72,AU,1542595002,88.33,-20.73,139.49
383,whitehorse,18.63,78.0,44.0,3.71,CA,1542595002,18.63,60.72,-135.06
384,maniitsoq,14.31,100.0,64.0,7.29,GL,1542595003,14.31,65.42,-52.9
385,oranjemund,58.86,96.0,76.0,0.47,ZA,1542595003,58.86,-28.55,16.43
386,chongwe,74.43,57.0,12.0,9.75,ZM,1542595003,74.43,-15.33,28.68
387,lakatoro,80.73,82.0,76.0,5.61,VU,1542595004,80.73,-16.11,167.42
388,chengde,36.45,34.0,0.0,3.71,CN,1542595004,36.45,40.97,117.93
389,uzhur,-4.28,64.0,76.0,2.82,RU,1542595004,-4.28,55.32,89.85
390,porbandar,73.35,90.0,0.0,4.05,IN,1542595004,73.35,21.64,69.61
391,priargunsk,5.76,46.0,0.0,8.19,RU,1542595005,5.76,50.37,119.09
392,hammerfest,44.91,94.0,0.0,31.79,NO,1542595005,44.91,70.66,23.68
393,barra do garcas,72.58,96.0,76.0,2.37,BR,1542595006,72.58,-15.89,-52.26
395,hambantota,79.87,100.0,68.0,4.72,LK,1542595006,79.87,6.12,81.12
396,sambava,76.59,100.0,48.0,12.55,MG,1542595007,76.59,-14.27,50.17
397,qaqortoq,33.25,86.0,92.0,9.53,GL,1542595007,33.25,60.72,-46.03
399,sorsk,1.8,54.0,32.0,3.04,RU,1542594715,1.8,54.0,90.25
401,mahebourg,76.18,83.0,80.0,10.31,MU,1542594981,76.18,-20.41,57.7
402,machilipatnam,79.65,91.0,36.0,6.62,IN,1542595008,79.65,16.18,81.14
403,sao mateus do maranhao,87.52,63.0,100.0,4.16,BR,1542595008,87.52,-4.04,-44.48
404,imbituba,67.41,100.0,92.0,21.39,BR,1542595009,67.41,-28.24,-48.67
405,impruneta,35.32,80.0,24.0,4.94,IT,1542595009,35.32,43.69,11.25
406,ixtapa,60.07,83.0,0.0,1.48,MX,1542595009,60.07,20.71,-105.21
407,kutum,52.11,41.0,0.0,6.96,SD,1542595010,52.11,14.2,24.66
408,cuenca,44.55,93.0,68.0,12.66,ES,1542595010,44.55,40.07,-2.13
409,camp verde,31.32,71.0,0.0,2.59,US,1542594947,31.32,34.56,-111.85
410,polson,16.74,74.0,0.0,1.7,US,1542595011,16.74,47.69,-114.16
411,balabac,81.18,100.0,36.0,5.06,PH,1542595011,81.18,7.99,117.06
412,avera,47.7,87.0,0.0,5.06,US,1542595011,47.7,33.19,-82.53
413,hasaki,60.75,100.0,44.0,9.75,JP,1542594786,60.75,35.73,140.83
414,torbay,26.73,100.0,0.0,20.15,CA,1542594997,26.73,47.66,-52.73
415,katsuura,55.8,98.0,88.0,7.85,JP,1542595012,55.8,33.93,134.5
416,tecoanapa,68.98,100.0,8.0,2.37,MX,1542595012,68.98,16.99,-99.26
417,nagato,56.2,83.0,36.0,3.15,JP,1542595013,56.2,34.35,131.14
418,danane,68.35,100.0,64.0,3.27,CI,1542595013,68.35,7.26,-8.15
419,benalla,74.43,59.0,36.0,11.88,AU,1542595013,74.43,-36.55,145.99
420,coihaique,48.42,74.0,76.0,7.07,CL,1542595014,48.42,-45.58,-72.07
421,sedona,31.32,71.0,0.0,2.59,US,1542595014,31.32,34.87,-111.79
422,biloela,75.96,66.0,76.0,6.4,AU,1542595014,75.96,-24.4,150.51
423,florianopolis,64.98,100.0,68.0,15.01,BR,1542595015,64.98,-27.6,-48.55
424,mirpur mathelo,66.33,73.0,0.0,13.0,PK,1542595015,66.33,28.02,69.55
426,alpena,29.43,100.0,76.0,12.77,US,1542595016,29.43,45.06,-83.43
427,nyurba,-14.18,64.0,20.0,2.71,RU,1542595016,-14.18,63.29,118.35
428,fairbanks,9.22,82.0,68.0,2.82,US,1542594750,9.22,64.84,-147.72
429,tarko-sale,-15.53,23.0,24.0,2.93,RU,1542595017,-15.53,64.92,77.78
430,san quintin,82.98,67.0,0.0,3.71,PH,1542595017,82.98,17.54,120.52
432,ajdabiya,50.62,84.0,0.0,2.71,LY,1542595018,50.62,30.75,20.22
433,vila velha,80.55,100.0,0.0,21.27,BR,1542595018,80.55,-3.71,-38.6
435,arman,-0.32,63.0,20.0,2.71,RU,1542595018,-0.32,59.7,150.17
436,bremervorde,39.82,94.0,68.0,12.33,DE,1542595019,39.82,53.48,9.13
437,jumla,27.85,57.0,80.0,1.81,NP,1542595019,27.85,29.28,82.18
438,sangar,-13.87,62.0,88.0,3.6,RU,1542595019,-13.87,63.92,127.47
439,eydhafushi,83.07,100.0,56.0,6.06,MV,1542595020,83.07,5.1,73.07
440,tazmalt,53.01,84.0,48.0,4.38,DZ,1542595020,53.01,36.39,4.4
441,zeya,-2.8,69.0,32.0,3.27,RU,1542595020,-2.8,53.74,127.27
442,bayji,43.02,89.0,44.0,3.71,IQ,1542595021,43.02,34.93,43.49
443,muromtsevo,8.82,80.0,80.0,6.96,RU,1542595021,8.82,56.37,75.24
444,choya,18,89.0,88.0,2.93,RU,1542595021,18.0,52.01,86.55
445,beloha,67.32,95.0,92.0,5.39,MG,1542595022,67.32,-25.17,45.06
446,bundaberg,75.69,96.0,12.0,14.0,AU,1542595022,75.69,-24.87,152.35
447,rio grande,61.2,100.0,0.0,17.25,BR,1542594961,61.2,-32.03,-52.1
448,plettenberg bay,62.64,96.0,12.0,16.58,ZA,1542595023,62.64,-34.05,23.37
449,amazar,-4.55,49.0,48.0,3.38,RU,1542595023,-4.55,53.86,120.88
450,jilin,25.83,74.0,0.0,3.94,CN,1542595023,25.83,43.84,126.54
451,haimen,56.38,91.0,0.0,7.4,CN,1542595024,56.38,31.87,121.18
452,sonoita,34.83,65.0,0.0,2.59,US,1542595025,34.83,31.68,-110.66
454,klaksvik,46.62,94.0,0.0,11.77,FO,1542595027,46.62,62.23,-6.59
455,kresttsy,31.86,90.0,76.0,11.21,RU,1542595028,31.86,58.25,32.52
456,mnogovershinnyy,22,67.0,20.0,6.62,RU,1542595029,22.0,53.94,139.92
457,djambala,70.74,95.0,76.0,3.38,CG,1542595030,70.74,-2.55,14.76
458,pochutla,80.19,100.0,0.0,6.73,MX,1542595031,80.19,15.74,-96.47
459,miramar,71.1,91.0,64.0,2.15,CR,1542594951,71.1,10.09,-84.73
460,ust-shonosha,18.09,67.0,12.0,13.11,RU,1542595032,18.09,61.15,41.34
461,peniche,59.13,100.0,12.0,8.08,PT,1542595032,59.13,39.36,-9.38
462,aquiraz,77.08,83.0,0.0,11.54,BR,1542594996,77.08,-3.9,-38.39
463,berlevag,40.27,100.0,0.0,21.27,NO,1542595033,40.27,70.86,29.09
465,manali,7.42,89.0,68.0,1.25,IN,1542595033,7.42,32.25,77.19
466,upernavik,13.41,100.0,0.0,13.44,GL,1542594992,13.41,72.79,-56.15
467,alyangula,89.5,84.0,0.0,8.19,AU,1542595034,89.5,-13.85,136.42
468,vagur,48.51,95.0,0.0,10.87,FO,1542595034,48.51,61.47,-6.81
469,praia,65.79,97.0,80.0,3.83,BR,1542595035,65.79,-20.25,-43.81
470,warri,72.99,96.0,20.0,3.71,NG,1542595035,72.99,5.52,5.75
471,verkhnevilyuysk,-12.38,59.0,64.0,5.61,RU,1542595035,-12.38,63.45,120.31
472,lima,59.08,67.0,56.0,2.15,PE,1542594869,59.08,-12.06,-77.04
473,saint-georges,8.19,72.0,0.0,4.83,CA,1542595036,8.19,46.12,-70.67
474,dryden,7.87,80.0,36.0,5.61,CA,1542594889,7.87,49.79,-92.84
475,lubao,86.94,71.0,8.0,5.39,PH,1542595037,86.94,14.94,120.6
476,port macquarie,69.43,84.0,32.0,4.16,AU,1542595037,69.43,-31.43,152.91
477,korsakov,37.62,68.0,12.0,4.94,RU,1542595038,37.62,46.63,142.78
478,kieta,81.45,95.0,88.0,5.06,PG,1542595038,81.45,-6.22,155.63
479,mangrol,68.53,48.0,0.0,8.41,IN,1542595038,68.53,25.33,76.51
480,lorengau,80.05,100.0,80.0,4.83,PG,1542595039,80.05,-2.02,147.27
481,clinton,15.97,100.0,0.0,4.72,US,1542594917,15.97,41.84,-90.19
482,lithgow,63.4,69.0,64.0,2.93,AU,1542595040,63.4,-33.48,150.16
483,bubaque,79.42,100.0,32.0,22.5,GW,1542595040,79.42,11.28,-15.83
484,kikinda,33.25,99.0,92.0,3.49,RS,1542595040,33.25,45.83,20.46
485,komsomolets,22.14,80.0,88.0,4.38,RU,1542595041,22.14,52.77,41.29
486,phenix city,43.33,84.0,36.0,2.37,US,1542595041,43.33,32.47,-85.0
487,tamandare,76.86,95.0,48.0,2.37,BR,1542595041,76.86,-8.28,-70.75
488,puerto ayora,73.26,100.0,20.0,12.55,EC,1542595042,73.26,-0.74,-90.35
489,pozo colorado,67.27,93.0,56.0,7.52,PY,1542595042,67.27,-23.49,-58.8
490,brejo,85.95,56.0,44.0,10.76,BR,1542595042,85.95,-3.68,-42.75
491,ilo,55.3,100.0,20.0,1.92,PE,1542595043,55.3,-17.65,-71.34
492,umm lajj,67.5,100.0,0.0,6.4,SA,1542594848,67.5,25.02,37.27
493,bayshore gardens,72.45,100.0,80.0,8.75,US,1542594999,72.45,27.43,-82.59
494,bayaguana,72.22,100.0,0.0,6.73,DO,1542595044,72.22,18.75,-69.64
495,pasir gudang,81.54,100.0,76.0,7.29,MY,1542595044,81.54,1.46,103.88
496,ipixuna,79.11,86.0,56.0,4.72,BR,1542595044,79.11,-1.76,-48.8
497,ucluelet,35.19,97.0,0.0,1.92,CA,1542595045,35.19,48.94,-125.55
498,golspie,27.63,83.0,0.0,3.6,GB,1542595045,27.63,57.97,-3.98
499,pitimbu,77.62,100.0,76.0,11.77,BR,1542595045,77.62,-7.47,-34.81
500,kandrian,76.41,100.0,92.0,3.38,PG,1542595046,76.41,-6.21,149.55
501,laje,70.74,95.0,100.0,6.17,BR,1542595046,70.74,-13.18,-39.42
502,lagoa,50.04,100.0,20.0,4.61,PT,1542594898,50.04,37.14,-8.45
503,conway,58.95,88.0,80.0,4.94,US,1542595047,58.95,33.84,-79.05
504,port hedland,106.15,19.0,0.0,9.19,AU,1542595047,106.15,-20.31,118.58
505,chicama,64.75,90.0,0.0,3.6,PE,1542595047,64.75,-7.84,-79.15
506,xam nua,69.03,93.0,92.0,2.37,LA,1542595048,69.03,20.42,104.04
507,mazagao,82.12,85.0,8.0,10.98,BR,1542595048,82.12,-0.12,-51.29
508,clifton,62.5,83.0,100.0,8.3,AU,1542595005,62.5,-27.93,151.91
509,tromso,26.23,87.0,0.0,4.27,NO,1542595049,26.23,69.65,18.96
511,roald,39.24,100.0,8.0,5.73,NO,1542595049,39.24,62.58,6.12
512,dromolaxia,63.81,100.0,92.0,9.42,CY,1542595050,63.81,34.88,33.59
513,dacudao,83.07,62.0,92.0,3.6,PH,1542595050,83.07,7.22,125.47
514,monrovia,75.06,97.0,64.0,6.17,LR,1542595051,75.06,6.33,-10.8
515,cazones,75.6,98.0,68.0,9.75,MX,1542595051,75.6,20.72,-97.32
517,yucaipa,43.56,40.0,0.0,2.48,US,1542595048,43.56,34.03,-117.04
518,tocopilla,58.63,100.0,0.0,5.17,CL,1542595052,58.63,-22.09,-70.2
519,yermakovskoye,9.09,83.0,92.0,2.15,RU,1542595052,9.09,53.28,92.4
520,jiwani,70.47,69.0,0.0,5.61,PK,1542595052,70.47,25.05,61.74
521,dingle,80.37,77.0,92.0,12.77,PH,1542595053,80.37,11.0,122.67
522,palembang,84.55,94.0,32.0,4.16,ID,1542595053,84.55,-2.99,104.76
525,iguatemi,67.41,82.0,80.0,7.63,BR,1542595054,67.41,-23.67,-54.56
527,lardos,65.07,100.0,48.0,17.58,GR,1542595054,65.07,36.09,28.02
528,lenger,18.9,51.0,0.0,4.94,KZ,1542595055,18.9,42.18,69.89
529,bontang,83.25,96.0,24.0,5.06,ID,1542595055,83.25,0.12,117.47
530,havelock,55.48,100.0,32.0,5.28,US,1542594876,55.48,34.88,-76.9
531,san luis potosi,48.37,86.0,0.0,4.61,MX,1542594965,48.37,22.15,-100.98
532,isla mujeres,75.6,97.0,48.0,7.52,MX,1542595056,75.6,21.23,-86.73
533,iralaya,78.7,96.0,100.0,7.4,HN,1542595056,78.7,15.0,-83.23
534,pokhara,53.64,85.0,20.0,2.37,NP,1542595057,53.64,28.21,83.99
535,barabai,75.6,96.0,92.0,2.93,ID,1542595057,75.6,-2.59,115.38
536,montepuez,67.5,94.0,44.0,2.93,MZ,1542595057,67.5,-13.13,39.0
537,kimbe,81.81,100.0,92.0,2.71,PG,1542595057,81.81,-5.56,150.15
538,beihai,48.42,100.0,0.0,4.94,CN,1542595058,48.42,38.95,121.19
539,komsomolskiy,-11.53,19.0,0.0,4.72,RU,1542595058,-11.53,67.55,63.78
540,karratha,103.41,17.0,0.0,15.23,AU,1542595058,103.41,-20.74,116.85
541,sturgeon bay,25.38,100.0,64.0,10.54,US,1542594925,25.38,44.83,-87.38
542,shenjiamen,58.9,100.0,32.0,19.71,CN,1542595059,58.9,29.96,122.3
543,nuevo progreso,67.59,98.0,92.0,7.4,US,1542595059,67.59,26.05,-97.95
544,maldonado,55.62,100.0,0.0,3.83,UY,1542595060,55.62,-34.91,-54.96
545,praia da vitoria,64.12,100.0,76.0,17.25,PT,1542595060,64.12,38.73,-27.07
546,turbat,62.28,46.0,0.0,3.15,PK,1542595060,62.28,26.0,63.05
547,villa bruzual,75.15,92.0,80.0,3.38,VE,1542595061,75.15,9.33,-69.12
548,siverek,25.83,71.0,0.0,3.15,TR,1542595061,25.83,37.75,39.32
549,thinadhoo,82.57,100.0,76.0,7.74,MV,1542595061,82.57,0.53,72.93
550,strunino,31.27,93.0,88.0,5.84,RU,1542595062,31.27,56.37,38.59
551,gibara,79.11,84.0,64.0,7.63,CU,1542595062,79.11,21.11,-76.13
552,ewa beach,76.5,69.0,36.0,12.88,US,1542594787,76.5,21.32,-158.01
553,fujin,21.24,88.0,0.0,8.97,CN,1542595063,21.24,47.24,132.03
554,mandalgovi,12.51,73.0,56.0,3.71,MN,1542595063,12.51,45.76,106.27
555,calama,50.49,85.0,0.0,0.92,CL,1542594870,50.49,-22.46,-68.93
556,brigantine,43.56,91.0,44.0,7.96,US,1542595064,43.56,39.41,-74.36
557,progreso,60.88,70.0,24.0,4.61,UY,1542595064,60.88,-34.68,-56.22
558,axim,81.99,100.0,24.0,6.51,GH,1542595064,81.99,4.87,-2.24
559,takoradi,79.92,100.0,8.0,4.16,GH,1542595065,79.92,4.89,-1.75
560,saurimo,66.37,99.0,88.0,2.59,AO,1542595065,66.37,-9.66,20.4
561,tiznit,55.93,100.0,88.0,5.17,MA,1542595065,55.93,29.7,-9.73
562,taoudenni,54.72,72.0,36.0,5.95,ML,1542595066,54.72,22.68,-3.98
563,padang,76.05,100.0,80.0,2.82,ID,1542595066,76.05,-0.92,100.36
564,palmer,81,42.0,68.0,13.0,AU,1542594967,81.0,-34.85,139.16
565,kantang,83.07,98.0,12.0,1.92,TH,1542595067,83.07,7.42,99.52
566,metro,84.33,91.0,36.0,5.73,ID,1542595067,84.33,-5.11,105.31
567,manokwari,81.99,100.0,32.0,6.96,ID,1542595067,81.99,-0.87,134.08
568,farsund,37.62,100.0,0.0,12.21,NO,1542595068,37.62,58.09,6.8
569,muyezerskiy,17.55,79.0,0.0,4.05,RU,1542595068,17.55,63.93,31.65
571,zhenlai,21.82,45.0,24.0,5.39,CN,1542595069,21.82,45.84,123.2
572,lasa,59.76,100.0,64.0,6.4,CY,1542595069,59.76,34.92,32.53
573,vigrestad,24.12,100.0,32.0,1.48,NO,1542595069,24.12,58.57,5.7
575,kerema,83.34,70.0,80.0,3.38,PG,1542595070,83.34,-7.96,145.78
576,menongue,69.3,68.0,8.0,6.4,AO,1542595070,69.3,-14.66,17.68
577,tame,54.58,94.0,12.0,1.92,CO,1542595071,54.58,6.46,-71.72
578,khonsa,65.43,81.0,0.0,2.71,IN,1542595071,65.43,26.99,95.51
579,iracoubo,78.21,86.0,64.0,4.94,GF,1542595071,78.21,5.48,-53.21
580,ulaangom,-1.13,73.0,20.0,2.37,MN,1542595071,-1.13,49.98,92.07
581,pasighat,62.28,65.0,12.0,1.92,IN,1542595072,62.28,28.06,95.33
582,nortelandia,71.46,97.0,56.0,5.28,BR,1542595072,71.46,-14.45,-56.8
583,antofagasta,56.92,98.0,56.0,2.37,CL,1542595072,56.92,-23.65,-70.4
584,kapustin yar,18.13,73.0,36.0,3.38,RU,1542595073,18.13,48.58,45.77
586,mount gambier,77.98,48.0,80.0,7.63,AU,1542594897,77.98,-37.83,140.78
587,bahia honda,74.34,96.0,8.0,4.94,CU,1542595074,74.34,22.9,-83.16
588,gobabis,75.82,23.0,100.0,9.19,NA,1542595074,75.82,-22.45,18.97
589,san patricio,62.68,81.0,0.0,5.06,PY,1542595074,62.68,-26.98,-56.83
590,taywarah,17.01,72.0,8.0,2.15,AF,1542595041,17.01,33.35,64.42
591,manzhouli,6.75,44.0,0.0,8.86,CN,1542595075,6.75,49.6,117.43
592,nenjiang,11.7,49.0,0.0,7.4,CN,1542595075,11.7,49.17,125.23
593,sandwick,33.21,81.0,8.0,7.18,GB,1542595075,33.21,54.57,-2.89
594,sarakhs,41.67,80.0,0.0,6.4,TM,1542595076,41.67,36.54,61.16
595,salalah,79.2,99.0,0.0,10.98,OM,1542595076,79.2,17.01,54.1
596,san carlos,76.68,83.0,36.0,4.94,VE,1542595077,76.68,9.66,-68.59
597,krasnyy chikoy,4.68,62.0,44.0,3.04,RU,1542595077,4.68,50.36,108.75
598,dhidhdhoo,83.79,99.0,64.0,7.18,MV,1542595077,83.79,6.88,73.1
599,loikaw,70.2,97.0,32.0,2.59,MM,1542595078,70.2,19.67,97.21
600,tulun,-4.33,63.0,36.0,2.93,RU,1542595078,-4.33,54.56,100.58
604,sterling,38.97,87.0,64.0,7.85,US,1542595079,38.97,39.0,-77.4
605,husavik,9.36,83.0,12.0,9.86,CA,1542595080,9.36,50.56,-96.99
606,chur,21.87,85.0,88.0,0.58,CH,1542595080,21.87,46.86,9.53
607,cajazeiras,79.38,46.0,0.0,11.99,BR,1542595080,79.38,-6.89,-38.56
608,vila franca do campo,65.07,100.0,0.0,19.15,PT,1542595081,65.07,37.72,-25.43
609,varzea da palma,75.51,77.0,92.0,4.38,BR,1542595081,75.51,-17.6,-44.73
610,isabela,83.02,67.0,92.0,3.94,PH,1542595081,83.02,10.2,122.99
611,novoanninskiy,6.48,48.0,0.0,0.58,RU,1542595082,6.48,50.53,42.67
612,meulaboh,82.03,100.0,20.0,4.61,ID,1542595082,82.03,4.14,96.13
615,ulsteinvik,39.24,100.0,8.0,5.73,NO,1542595083,39.24,62.35,5.85
616,chake chake,80.19,98.0,88.0,7.29,TZ,1542595083,80.19,-5.25,39.77
617,tabou,79.87,100.0,32.0,11.1,CI,1542595083,79.87,4.42,-7.36
618,charlestown,42.7,100.0,56.0,6.17,US,1542594854,42.7,41.38,-71.64
620,petropavlovsk-kamchatskiy,33.43,83.0,24.0,6.51,RU,1542595084,33.43,53.05,158.65
621,the valley,81.09,99.0,80.0,15.9,AI,1542594849,81.09,18.22,-63.06
622,pingtung,78.7,77.0,12.0,3.15,TW,1542594815,78.7,22.67,120.49
623,yulara,97.33,27.0,20.0,13.0,AU,1542595085,97.33,-25.24,130.99
624,brae,47.07,100.0,8.0,13.67,GB,1542595086,47.07,60.4,-1.35
625,izhma,18,73.0,76.0,5.61,RU,1542595086,18.0,65.01,53.91
626,lavrentiya,34.42,100.0,92.0,26.98,RU,1542595086,34.42,65.58,-170.99
627,san andres,82.03,100.0,64.0,16.8,PH,1542595087,82.03,13.32,122.68
628,bjornevatn,23.31,89.0,0.0,5.5,NO,1542595087,23.31,69.67,29.98
629,vanimo,79.15,100.0,48.0,3.71,PG,1542595088,79.15,-2.67,141.3
631,thunder bay,8.55,77.0,64.0,3.49,CA,1542594904,8.55,48.41,-89.26
632,ciamis,82.8,74.0,12.0,3.6,ID,1542595088,82.8,-7.33,108.35
